x,t
0.000000000000000000e+00,-2.497588568908764906e+00
6.289474781961547356e-03,-2.491299714795315534e+00
1.257894956392309471e-02,-2.485010884547003140e+00
1.886842434588464207e-02,-2.478722079081280061e+00
2.515789912784618942e-02,-2.472433299350853986e+00
3.144737390980773678e-02,-2.466144546345041988e+00
3.773684869176928414e-02,-2.459855821091176509e+00
4.402632347373083149e-02,-2.453567124656064635e+00
5.031579825569237885e-02,-2.447278458147502445e+00
5.660527303765392620e-02,-2.440989822715850632e+00
6.289474781961547356e-02,-2.434701219555666096e+00
6.918422260157702786e-02,-2.428412649907399246e+00
7.547369738353856827e-02,-2.422124115059156146e+00
8.176317216550010869e-02,-2.415835616348525061e+00
8.805264694746166299e-02,-2.409547155164478038e+00
9.434212172942321728e-02,-2.403258732949340004e+00
1.006315965113847577e-01,-2.396970351200836014e+00
1.069210712933462981e-01,-2.390682011474218438e+00
1.132105460753078524e-01,-2.384393715384471424e+00
1.195000208572694067e-01,-2.378105464608602393e+00
1.257894956392309471e-01,-2.371817260888021472e+00
1.320789704211924875e-01,-2.365529106031010187e+00
1.383684452031540557e-01,-2.359241001915286073e+00
1.446579199851155961e-01,-2.352952950490663220e+00
1.509473947670771365e-01,-2.346664953781818053e+00
1.572368695490386770e-01,-2.340377013891156821e+00
1.635263443310002174e-01,-2.334089133001795879e+00
1.698158191129617856e-01,-2.327801313380652992e+00
1.761052938949233260e-01,-2.321513557381658543e+00
1.823947686768848664e-01,-2.315225867449088426e+00
1.886842434588464346e-01,-2.308938246121025273e+00
1.949737182408079750e-01,-2.302650696032948918e+00
2.012631930227695154e-01,-2.296363219921467635e+00
2.075526678047310558e-01,-2.290075820628187486e+00
2.138421425866925962e-01,-2.283788501103732660e+00
2.201316173686541644e-01,-2.277501264411916804e+00
2.264210921506157048e-01,-2.271214113734073781e+00
2.327105669325772452e-01,-2.264927052373552296e+00
2.390000417145388134e-01,-2.258640083760384609e+00
2.452895164965003538e-01,-2.252353211456127546e+00
2.515789912784618942e-01,-2.246066439158892702e+00
2.578684660604234624e-01,-2.239779770708564488e+00
2.641579408423849751e-01,-2.233493210092218462e+00
2.704474156243465433e-01,-2.227206761449741723e+00
2.767368904063081114e-01,-2.220920429079671798e+00
2.830263651882696241e-01,-2.214634217445251796e+00
2.893158399702311923e-01,-2.208348131180718710e+00
2.956053147521927049e-01,-2.202062175097827534e+00
3.018947895341542731e-01,-2.195776354192623181e+00
3.081842643161158413e-01,-2.189490673652469077e+00
3.144737390980773539e-01,-2.183205138863338668e+00
3.207632138800389221e-01,-2.176919755417388469e+00
3.270526886620004348e-01,-2.170634529120808232e+00
3.333421634439620029e-01,-2.164349466001976197e+00
3.396316382259235711e-01,-2.158064572319914109e+00
3.459211130078850838e-01,-2.151779854573065531e+00
3.522105877898466519e-01,-2.145495319508403220e+00
3.585000625718082201e-01,-2.139210974130878018e+00
3.647895373537697328e-01,-2.132926825713222563e+00
3.710790121357313009e-01,-2.126642881806124485e+00
3.773684869176928691e-01,-2.120359150248780633e+00
3.836579616996543818e-01,-2.114075639179844757e+00
3.899474364816159500e-01,-2.107792357048786869e+00
3.962369112635774626e-01,-2.101509312627676263e+00
4.025263860455390308e-01,-2.095226515023404623e+00
4.088158608275005990e-01,-2.088943973690364331e+00
4.151053356094621116e-01,-2.082661698443601495e+00
4.213948103914236798e-01,-2.076379699472453044e+00
4.276842851733851925e-01,-2.070097987354696301e+00
4.339737599553467606e-01,-2.063816573071219462e+00
4.402632347373083288e-01,-2.057535468021237435e+00
4.465527095192698415e-01,-2.051254684038068987e+00
4.528421843012314096e-01,-2.044974233405498332e+00
4.591316590831929778e-01,-2.038694128874738887e+00
4.654211338651544905e-01,-2.032414383682020098e+00
4.717106086471160586e-01,-2.026135011566825739e+00
4.780000834290776268e-01,-2.019856026790792569e+00
4.842895582110391395e-01,-2.013577444157309770e+00
4.905790329930007077e-01,-2.007299279031828476e+00
4.968685077749622203e-01,-2.001021547362914266e+00
5.031579825569237885e-01,-1.994744265704064157e+00
5.094474573388853011e-01,-1.988467451236318073e+00
5.157369321208469248e-01,-1.982191121791686772e+00
5.220264069028084375e-01,-1.975915295877426425e+00
5.283158816847699502e-01,-1.969639992701189612e+00
5.346053564667315738e-01,-1.963365232197079369e+00
5.408948312486930865e-01,-1.957091035052635375e+00
5.471843060306545992e-01,-1.950817422736788265e+00
5.534737808126162228e-01,-1.944544417528806246e+00
5.597632555945777355e-01,-1.938272042548272900e+00
5.660527303765392482e-01,-1.932000321786124131e+00
5.723422051585007608e-01,-1.925729280136780908e+00
5.786316799404623845e-01,-1.919458943431413100e+00
5.849211547224238972e-01,-1.913189338472365941e+00
5.912106295043854098e-01,-1.906920493068789302e+00
5.975001042863470335e-01,-1.900652436073504870e+00
6.037895790683085462e-01,-1.894385197421148082e+00
6.100790538502700588e-01,-1.888118808167625229e+00
6.163685286322316825e-01,-1.881853300530922146e+00
6.226580034141931952e-01,-1.875588707933305788e+00
6.289474781961547079e-01,-1.869325065044957990e+00
6.352369529781163315e-01,-1.863062407829083611e+00
6.415264277600778442e-01,-1.856800773588531239e+00
6.478159025420393569e-01,-1.850540201013971764e+00
6.541053773240008695e-01,-1.844280730233674115e+00
6.603948521059624932e-01,-1.838022402864921911e+00
6.666843268879240059e-01,-1.831765262067113209e+00
6.729738016698855185e-01,-1.825509352596585533e+00
6.792632764518471422e-01,-1.819254720863211272e+00
6.855527512338086549e-01,-1.813001414988802296e+00
6.918422260157701675e-01,-1.806749484867369748e+00
6.981317007977317912e-01,-1.800498982227279887e+00
7.044211755796933039e-01,-1.794249960695347035e+00
7.107106503616548165e-01,-1.788002475862907392e+00
7.170001251436164402e-01,-1.781756585353909461e+00
7.232895999255779529e-01,-1.775512348895065262e+00
7.295790747075394655e-01,-1.769269828388098542e+00
7.358685494895010892e-01,-1.763029087984124832e+00
7.421580242714626019e-01,-1.756790194160201324e+00
7.484474990534241146e-01,-1.750553215798079432e+00
7.547369738353857382e-01,-1.744318224265187789e+00
7.610264486173472509e-01,-1.738085293497878991e+00
7.673159233993087636e-01,-1.731854500086961623e+00
7.736053981812702762e-01,-1.725625923365541770e+00
7.798948729632318999e-01,-1.719399645499193330e+00
7.861843477451934126e-01,-1.713175751578469352e+00
7.924738225271549252e-01,-1.706954329713768814e+00
7.987632973091165489e-01,-1.700735471132561072e+00
8.050527720910780616e-01,-1.694519270278967760e+00
8.113422468730395742e-01,-1.688305824915701026e+00
8.176317216550011979e-01,-1.682095236228338564e+00
8.239211964369627106e-01,-1.675887608931923234e+00
8.302106712189242232e-01,-1.669683051379854177e+00
8.365001460008858469e-01,-1.663481675675038129e+00
8.427896207828473596e-01,-1.657283597783254958e+00
8.490790955648088723e-01,-1.651088937648680810e+00
8.553685703467703849e-01,-1.644897819311507359e+00
8.616580451287320086e-01,-1.638710371027578105e+00
8.679475199106935213e-01,-1.632526725389953359e+00
8.742369946926550339e-01,-1.626347019452301979e+00
8.805264694746166576e-01,-1.620171394854003744e+00
8.868159442565781703e-01,-1.613999997946829801e+00
8.931054190385396829e-01,-1.607832979923054628e+00
8.993948938205013066e-01,-1.601670496944834543e+00
9.056843686024628193e-01,-1.595512710274668233e+00
9.119738433844243319e-01,-1.589359786406738806e+00
9.182633181663859556e-01,-1.583211897198912199e+00
9.245527929483474683e-01,-1.577069220005148154e+00
9.308422677303089809e-01,-1.570931937808055956e+00
9.371317425122706046e-01,-1.564800239351303635e+00
9.434212172942321173e-01,-1.558674319271561082e+00
9.497106920761936300e-01,-1.552554378229636045e+00
9.560001668581552536e-01,-1.546440623040432838e+00
9.622896416401167663e-01,-1.540333266801329426e+00
9.685791164220782790e-01,-1.534232529018547453e+00
9.748685912040397916e-01,-1.528138635731052242e+00
9.811580659860014153e-01,-1.522051819631490721e+00
9.874475407679629280e-01,-1.515972320183641475e+00
9.937370155499244406e-01,-1.509900383735817142e+00
1.000026490331886064e+00,-1.503836263629626302e+00
1.006315965113847577e+00,-1.497780220303464027e+00
1.012605439895809090e+00,-1.491732521390068955e+00
1.018894914677770602e+00,-1.485693441807443893e+00
1.025184389459732115e+00,-1.479663263842405208e+00
1.031473864241693850e+00,-1.473642277225987840e+00
1.037763339023655362e+00,-1.467630779199899038e+00
1.044052813805616875e+00,-1.461629074573177034e+00
1.050342288587578388e+00,-1.455637475768179812e+00
1.056631763369539900e+00,-1.449656302854993362e+00
1.062921238151501413e+00,-1.443685883573320172e+00
1.069210712933463148e+00,-1.437726553340879843e+00
1.075500187715424660e+00,-1.431778655247324394e+00
1.081789662497386173e+00,-1.425842540032652428e+00
1.088079137279347686e+00,-1.419918566049080066e+00
1.094368612061309198e+00,-1.414007099205316642e+00
1.100658086843270711e+00,-1.408108512892175312e+00
1.106947561625232446e+00,-1.402223187888447908e+00
1.113237036407193958e+00,-1.396351512245966875e+00
1.119526511189155471e+00,-1.390493881152786271e+00
1.125815985971116984e+00,-1.384650696773424228e+00
1.132105460753078496e+00,-1.378822368065126813e+00
1.138394935535040009e+00,-1.373009310569144548e+00
1.144684410317001522e+00,-1.367211946176044357e+00
1.150973885098963256e+00,-1.361430702864127928e+00
1.157263359880924769e+00,-1.355666014410082054e+00
1.163552834662886282e+00,-1.349918320071049171e+00
1.169842309444847794e+00,-1.344188064237386682e+00
1.176131784226809307e+00,-1.338475696055466457e+00
1.182421259008770820e+00,-1.332781669019966975e+00
1.188710733790732554e+00,-1.327106440535221532e+00
1.195000208572694067e+00,-1.321450471445305697e+00
1.201289683354655580e+00,-1.315814225532683901e+00
1.207579158136617092e+00,-1.310198168985381661e+00
1.213868632918578605e+00,-1.304602769832803988e+00
1.220158107700540118e+00,-1.299028497350495970e+00
1.226447582482501630e+00,-1.293475821434315609e+00
1.232737057264463365e+00,-1.287945211944682589e+00
1.239026532046424878e+00,-1.282437138021765177e+00
1.245316006828386390e+00,-1.276952067372675081e+00
1.251605481610347903e+00,-1.271490465531953662e+00
1.257894956392309416e+00,-1.266052795096854089e+00
1.264184431174270928e+00,-1.260639514939146721e+00
1.270473905956232663e+00,-1.255251079395401703e+00
1.276763380738194176e+00,-1.249887937437926144e+00
1.283052855520155688e+00,-1.244550531828762185e+00
1.289342330302117201e+00,-1.239239298259364075e+00
1.295631805084078714e+00,-1.233954664478791985e+00
1.301921279866040226e+00,-1.228697049413458586e+00
1.308210754648001739e+00,-1.223466862281658685e+00
1.314500229429963474e+00,-1.218264501706287639e+00
1.320789704211924986e+00,-1.213090354829313933e+00
1.327079178993886499e+00,-1.207944796431713819e+00
1.333368653775848012e+00,-1.202828188062689652e+00
1.339658128557809524e+00,-1.197740877182093433e+00
1.345947603339771037e+00,-1.192683196320038830e+00
1.352237078121732772e+00,-1.187655462257727113e+00
1.358526552903694284e+00,-1.182657975233519121e+00
1.364816027685655797e+00,-1.177691018178264493e+00
1.371105502467617310e+00,-1.172754855983841438e+00
1.377394977249578822e+00,-1.167849734808775297e+00
1.383684452031540335e+00,-1.162975881424675784e+00
1.389973926813502070e+00,-1.158133502607085585e+00
1.396263401595463582e+00,-1.153322784574135618e+00
1.402552876377425095e+00,-1.148543892476189265e+00
1.408842351159386608e+00,-1.143796969939403496e+00
1.415131825941348120e+00,-1.139082138665857613e+00
1.421421300723309633e+00,-1.134399498092593772e+00
1.427710775505271146e+00,-1.129749125111586761e+00
1.434000250287232880e+00,-1.125131073852311703e+00
1.440289725069194393e+00,-1.120545375528211318e+00
1.446579199851155906e+00,-1.115992038347986881e+00
1.452868674633117418e+00,-1.111471047492247566e+00
1.459158149415078931e+00,-1.106982365155659620e+00
1.465447624197040444e+00,-1.102525930654340014e+00
1.471737098979002178e+00,-1.098101660597848861e+00
1.478026573760963691e+00,-1.093709449124744548e+00
1.484316048542925204e+00,-1.089349168200295814e+00
1.490605523324886716e+00,-1.085020667974577524e+00
1.496894998106848229e+00,-1.080723777198838276e+00
1.503184472888809742e+00,-1.076458303697704899e+00
1.509473947670771476e+00,-1.072224034894490030e+00
1.515763422452732989e+00,-1.068020738386599167e+00
1.522052897234694502e+00,-1.063848162567791134e+00
1.528342372016656014e+00,-1.059706037293835390e+00
1.534631846798617527e+00,-1.055594074587930198e+00
1.540921321580579040e+00,-1.051511969382098011e+00
1.547210796362540552e+00,-1.047459400290664755e+00
1.553500271144502287e+00,-1.043436030411849291e+00
1.559789745926463800e+00,-1.039441508153441385e+00
1.566079220708425312e+00,-1.035475468078535632e+00
1.572368695490386825e+00,-1.031537531767305893e+00
1.578658170272348338e+00,-1.027627308690848507e+00
1.584947645054309850e+00,-1.023744397093204084e+00
1.591237119836271585e+00,-1.019888384877761345e+00
1.597526594618233098e+00,-1.016058850494377275e+00
1.603816069400194610e+00,-1.012255363823690191e+00
1.610105544182156123e+00,-1.008477487055270627e+00
1.616395018964117636e+00,-1.004724775556432137e+00
1.622684493746079148e+00,-1.000996778728723058e+00
1.628973968528040661e+00,-9.972930408493236865e-01
1.635263443310002396e+00,-9.936131018947904625e-01
1.641552918091963909e+00,-9.899564983448068123e-01
1.647842392873925421e+00,-9.863227639638261213e-01
1.654131867655886934e+00,-9.827114305587205667e-01
1.660421342437848446e+00,-9.791220287107695874e-01
1.666710817219809959e+00,-9.755540884805491419e-01
1.673000292001771694e+00,-9.720071400845011755e-01
1.679289766783733207e+00,-9.684807145421714392e-01
1.685579241565694719e+00,-9.649743442933134130e-01
1.691868716347656232e+00,-9.614875637842499323e-01
1.698158191129617745e+00,-9.580199100230750719e-01
1.704447665911579257e+00,-9.545709231034493758e-01
1.710737140693540770e+00,-9.511401466969153784e-01
1.717026615475502505e+00,-9.477271285138102463e-01
1.723316090257464017e+00,-9.443314207329938093e-01
1.729605565039425530e+00,-9.409525804007474736e-01
1.735895039821387043e+00,-9.375901697993112016e-01
1.742184514603348555e+00,-9.342437567856383129e-01
1.748473989385310068e+00,-9.309129151010393510e-01
1.754763464167271803e+00,-9.275972246524730735e-01
1.761052938949233315e+00,-9.242962717663141259e-01
1.767342413731194828e+00,-9.210096494154880187e-01
1.773631888513156341e+00,-9.177369574209186531e-01
1.779921363295117853e+00,-9.144778026282744943e-01
1.786210838077079366e+00,-9.112317990610321328e-01
1.792500312859041101e+00,-9.079985680509043977e-01
1.798789787641002613e+00,-9.047777383466917289e-01
1.805079262422964126e+00,-9.015689462026310608e-01
1.811368737204925639e+00,-8.983718354473155809e-01
1.817658211986887151e+00,-8.951860575342585058e-01
1.823947686768848664e+00,-8.920112715751649102e-01
1.830237161550810177e+00,-8.888471443569607722e-01
1.836526636332771911e+00,-8.856933503436148492e-01
1.842816111114733424e+00,-8.825495716637656862e-01
1.849105585896694937e+00,-8.794154980851387471e-01
1.855395060678656449e+00,-8.762908269767195613e-01
1.861684535460617962e+00,-8.731752632596085917e-01
1.867974010242579475e+00,-8.700685193474626544e-01
1.874263485024541209e+00,-8.669703150773857558e-01
1.880552959806502722e+00,-8.638803776321044570e-01
1.886842434588464235e+00,-8.607984414542249052e-01
1.893131909370425747e+00,-8.577242481533322582e-01
1.899421384152387260e+00,-8.546575464066601402e-01
1.905710858934348773e+00,-8.515980918540204669e-01
1.912000333716310507e+00,-8.485456469876453411e-01
1.918289808498272020e+00,-8.454999810375642966e-01
1.924579283280233533e+00,-8.424608698530959838e-01
1.930868758062195045e+00,-8.394280957810080768e-01
1.937158232844156558e+00,-8.364014475408589888e-01
1.943447707626118071e+00,-8.333807200980052343e-01
1.949737182408079583e+00,-8.303657145347278501e-01
1.956026657190041318e+00,-8.273562379198964312e-01
1.962316131972002831e+00,-8.243521031775644659e-01
1.968605606753964343e+00,-8.213531289548574588e-01
1.974895081535925856e+00,-8.183591394894917936e-01
1.981184556317887369e+00,-8.153699644772307575e-01
1.987474031099848881e+00,-8.123854389395659403e-01
1.993763505881810616e+00,-8.094054030918835796e-01
2.000052980663772129e+00,-8.064297022123529946e-01
2.006342455445733641e+00,-8.034581865117573773e-01
2.012631930227695154e+00,-8.004907110044610086e-01
2.018921405009656667e+00,-7.975271353806920871e-01
2.025210879791618179e+00,-7.945673238803006022e-01
2.031500354573579692e+00,-7.916111451681355771e-01
2.037789829355541205e+00,-7.886584722111651402e-01
2.044079304137502717e+00,-7.857091821574566648e-01
2.050368778919464230e+00,-7.827631562171102342e-01
2.056658253701426187e+00,-7.798202795452346958e-01
2.062947728483387699e+00,-7.768804411270366916e-01
2.069237203265349212e+00,-7.739435336650870578e-01
2.075526678047310725e+00,-7.710094534688138879e-01
2.081816152829272237e+00,-7.680781003462655576e-01
2.088105627611233750e+00,-7.651493774981770191e-01
2.094395102393195263e+00,-7.622231914143633436e-01
2.100684577175156775e+00,-7.592994517724580561e-01
2.106974051957118288e+00,-7.563780713390064747e-01
2.113263526739079801e+00,-7.534589658729191619e-01
2.119553001521041313e+00,-7.505420540312830457e-01
2.125842476303002826e+00,-7.476272572775219949e-01
2.132131951084964339e+00,-7.447144997918981879e-01
2.138421425866926295e+00,-7.418037083843349588e-01
2.144710900648887808e+00,-7.388948124095440217e-01
2.151000375430849321e+00,-7.359877436844308729e-01
2.157289850212810833e+00,-7.330824364077557220e-01
2.163579324994772346e+00,-7.301788270820166460e-01
2.169868799776733859e+00,-7.272768544375260991e-01
2.176158274558695371e+00,-7.243764593586461409e-01
2.182447749340656884e+00,-7.214775848121470769e-01
2.188737224122618397e+00,-7.185801757776515419e-01
2.195026698904579909e+00,-7.156841791801267227e-01
2.201316173686541422e+00,-7.127895438243845305e-01
2.207605648468502935e+00,-7.098962203315479780e-01
2.213895123250464891e+00,-7.070041610774449037e-01
2.220184598032426404e+00,-7.041133201328846347e-01
2.226474072814387917e+00,-7.012236532057773974e-01
2.232763547596349429e+00,-6.983351175850518455e-01
2.239053022378310942e+00,-6.954476720863296269e-01
2.245342497160272455e+00,-6.925612769993132467e-01
2.251631971942233967e+00,-6.896758940368448165e-01
2.257921446724195480e+00,-6.867914862855932778e-01
2.264210921506156993e+00,-6.839080181583279128e-01
2.270500396288118505e+00,-6.810254553477355088e-01
2.276789871070080018e+00,-6.781437647817400993e-01
2.283079345852041531e+00,-6.752629145802848676e-01
2.289368820634003043e+00,-6.723828740135338045e-01
2.295658295415965000e+00,-6.695036134614555934e-01
2.301947770197926513e+00,-6.666251043747484228e-01
2.308237244979888025e+00,-6.637473192370673125e-01
2.314526719761849538e+00,-6.608702315285166495e-01
2.320816194543811051e+00,-6.579938156903701874e-01
2.327105669325772563e+00,-6.551180470909809817e-01
2.333395144107734076e+00,-6.522429019928472904e-01
2.339684618889695589e+00,-6.493683575207973568e-01
2.345974093671657101e+00,-6.464943916312597683e-01
2.352263568453618614e+00,-6.436209830825856404e-01
2.358553043235580127e+00,-6.407481114063893202e-01
2.364842518017541639e+00,-6.378757568798767430e-01
2.371131992799503152e+00,-6.350039004991281377e-01
2.377421467581465109e+00,-6.321325239533077678e-01
2.383710942363426621e+00,-6.292616095997671799e-01
2.390000417145388134e+00,-6.263911404400159810e-01
2.396289891927349647e+00,-6.235211000965314998e-01
2.402579366709311159e+00,-6.206514727903784667e-01
2.408868841491272672e+00,-6.177822433196142882e-01
2.415158316273234185e+00,-6.149133970384517145e-01
2.421447791055195697e+00,-6.120449198371553656e-01
2.427737265837157210e+00,-6.091767981226483553e-01
2.434026740619118723e+00,-6.063090187998019243e-01
2.440316215401080235e+00,-6.034415692533896536e-01
2.446605690183041748e+00,-6.005744373306802775e-01
2.452895164965003261e+00,-5.977076113246488909e-01
2.459184639746965217e+00,-5.948410799577859009e-01
2.465474114528926730e+00,-5.919748323664826284e-01
2.471763589310888243e+00,-5.891088580859737966e-01
2.478053064092849755e+00,-5.862431470358189234e-01
2.484342538874811268e+00,-5.833776895059024081e-01
2.490632013656772781e+00,-5.805124761429352187e-01
2.496921488438734293e+00,-5.776474979374415231e-01
2.503210963220695806e+00,-5.747827462112122809e-01
2.509500438002657319e+00,-5.719182126052102522e-01
2.515789912784618831e+00,-5.690538890679097683e-01
2.522079387566580344e+00,-5.661897678440579451e-01
2.528368862348541857e+00,-5.633258414638400158e-01
2.534658337130503369e+00,-5.604621027324367954e-01
2.540947811912465326e+00,-5.575985447199593992e-01
2.547237286694426839e+00,-5.547351607517481131e-01
2.553526761476388351e+00,-5.518719443990223184e-01
2.559816236258349864e+00,-5.490088894698694766e-01
2.566105711040311377e+00,-5.461459900005614099e-01
2.572395185822272889e+00,-5.432832402471852173e-01
2.578684660604234402e+00,-5.404206346775777270e-01
2.584974135386195915e+00,-5.375581679635550447e-01
2.591263610168157427e+00,-5.346958349734223237e-01
2.597553084950118940e+00,-5.318336307647582029e-01
2.603842559732080453e+00,-5.289715505774612581e-01
2.610132034514041965e+00,-5.261095898270495841e-01
2.616421509296003478e+00,-5.232477440982057360e-01
2.622710984077965435e+00,-5.203860091385559272e-01
2.629000458859926947e+00,-5.175243808526779343e-01
2.635289933641888460e+00,-5.146628552963263825e-01
2.641579408423849973e+00,-5.118014286708698624e-01
2.647868883205811485e+00,-5.089400973179318832e-01
2.654158357987772998e+00,-5.060788577142265598e-01
2.660447832769734511e+00,-5.032177064665852573e-01
2.666737307551696023e+00,-5.003566403071633140e-01
2.673026782333657536e+00,-4.974956560888235124e-01
2.679316257115619049e+00,-4.946347507806891919e-01
2.685605731897580561e+00,-4.917739214638587875e-01
2.691895206679542074e+00,-4.889131653272791311e-01
2.698184681461504031e+00,-4.860524796637690770e-01
2.704474156243465544e+00,-4.831918618661905640e-01
2.710763631025427056e+00,-4.803313094237577907e-01
2.717053105807388569e+00,-4.774708199184845014e-01
2.723342580589350082e+00,-4.746103910217596145e-01
2.729632055371311594e+00,-4.717500204910516359e-01
2.735921530153273107e+00,-4.688897061667298694e-01
2.742211004935234619e+00,-4.660294459690068614e-01
2.748500479717196132e+00,-4.631692378949905375e-01
2.754789954499157645e+00,-4.603090800158464724e-01
2.761079429281119157e+00,-4.574489704740622997e-01
2.767368904063080670e+00,-4.545889074808160402e-01
2.773658378845042183e+00,-4.517288893134385752e-01
2.779947853627004140e+00,-4.488689143129707126e-01
2.786237328408965652e+00,-4.460089808818099577e-01
2.792526803190927165e+00,-4.431490874814443259e-01
2.798816277972888678e+00,-4.402892326302696446e-01
2.805105752754850190e+00,-4.374294149014863464e-01
2.811395227536811703e+00,-4.345696329210753106e-01
2.817684702318773216e+00,-4.317098853658474233e-01
2.823974177100734728e+00,-4.288501709615641921e-01
2.830263651882696241e+00,-4.259904884811303027e-01
2.836553126664657754e+00,-4.231308367428492367e-01
2.842842601446619266e+00,-4.202712146087472789e-01
2.849132076228580779e+00,-4.174116209829557000e-01
2.855421551010542291e+00,-4.145520548101546687e-01
2.861711025792504248e+00,-4.116925150740740058e-01
2.868000500574465761e+00,-4.088330007960503387e-01
2.874289975356427274e+00,-4.059735110336348818e-01
2.880579450138388786e+00,-4.031140448792553954e-01
2.886868924920350299e+00,-4.002546014589269952e-01
2.893158399702311812e+00,-3.973951799310087019e-01
2.899447874484273324e+00,-3.945357794850079536e-01
2.905737349266234837e+00,-3.916763993404290822e-01
2.912026824048196350e+00,-3.888170387456622024e-01
2.918316298830157862e+00,-3.859576969769169530e-01
2.924605773612119375e+00,-3.830983733371913225e-01
2.930895248394080888e+00,-3.802390671552822177e-01
2.937184723176042400e+00,-3.773797777848306723e-01
2.943474197958004357e+00,-3.745205046034016938e-01
2.949763672739965870e+00,-3.716612470116009703e-01
2.956053147521927382e+00,-3.688020044322208868e-01
2.962342622303888895e+00,-3.659427763094202923e-01
2.968632097085850408e+00,-3.630835621079340214e-01
2.974921571867811920e+00,-3.602243613123117250e-01
2.981211046649773433e+00,-3.573651734261833468e-01
2.987500521431734946e+00,-3.545059979715547982e-01
2.993789996213696458e+00,-3.516468344881271690e-01
3.000079470995657971e+00,-3.487876825326416963e-01
3.006368945777619484e+00,-3.459285416782491573e-01
3.012658420559580996e+00,-3.430694115139032441e-01
3.018947895341542953e+00,-3.402102916437752533e-01
3.025237370123504466e+00,-3.373511816866909818e-01
3.031526844905465978e+00,-3.344920812755876049e-01
3.037816319687427491e+00,-3.316329900569927602e-01
3.044105794469389004e+00,-3.287739076905200619e-01
3.050395269251350516e+00,-3.259148338483863760e-01
3.056684744033312029e+00,-3.230557682149441945e-01
3.062974218815273542e+00,-3.201967104862322167e-01
3.069263693597235054e+00,-3.173376603695436948e-01
3.075553168379196567e+00,-3.144786175830094344e-01
3.081842643161158080e+00,-3.116195818551963370e-01
3.088132117943119592e+00,-3.087605529247214875e-01
3.094421592725081105e+00,-3.059015305398795626e-01
3.100711067507043062e+00,-3.030425144582857833e-01
3.107000542289004574e+00,-3.001835044465290814e-01
3.113290017070966087e+00,-2.973245002798412528e-01
3.119579491852927600e+00,-2.944655017417767695e-01
3.125868966634889112e+00,-2.916065086239045812e-01
3.132158441416850625e+00,-2.887475207255114640e-01
3.138447916198812138e+00,-2.858885378533151389e-01
3.144737390980773650e+00,-2.830295598211916008e-01
3.151026865762735163e+00,-2.801705864499077769e-01
3.157316340544696676e+00,-2.773116175668675076e-01
3.163605815326658188e+00,-2.744526530058655212e-01
3.169895290108619701e+00,-2.715936926068516222e-01
3.176184764890581214e+00,-2.687347362157010977e-01
3.182474239672543170e+00,-2.658757836839971134e-01
3.188763714454504683e+00,-2.630168348688179947e-01
3.195053189236466196e+00,-2.601578896325351664e-01
3.201342664018427708e+00,-2.572989478426159771e-01
3.207632138800389221e+00,-2.544400093714349609e-01
3.213921613582350734e+00,-2.515810740960935377e-01
3.220211088364312246e+00,-2.487221418982432652e-01
3.226500563146273759e+00,-2.458632126639188620e-01
3.232790037928235272e+00,-2.430042862833747819e-01
3.239079512710196784e+00,-2.401453626509293393e-01
3.245368987492158297e+00,-2.372864416648146069e-01
3.251658462274119810e+00,-2.344275232270311982e-01
3.257947937056081322e+00,-2.315686072432083797e-01
3.264237411838043279e+00,-2.287096936224704002e-01
3.270526886620004792e+00,-2.258507822773063722e-01
3.276816361401966304e+00,-2.229918731234463714e-01
3.283105836183927817e+00,-2.201329660797410881e-01
3.289395310965889330e+00,-2.172740610680459206e-01
3.295684785747850842e+00,-2.144151580131103962e-01
3.301974260529812355e+00,-2.115562568424707024e-01
3.308263735311773868e+00,-2.086973574863466574e-01
3.314553210093735380e+00,-2.058384598775413465e-01
3.320842684875696893e+00,-2.029795639513469752e-01
3.327132159657658406e+00,-2.001206696454520539e-01
3.333421634439619918e+00,-1.972617768998521370e-01
3.339711109221581431e+00,-1.944028856567650010e-01
3.346000584003543388e+00,-1.915439958605484883e-01
3.352290058785504900e+00,-1.886851074576205711e-01
3.358579533567466413e+00,-1.858262203963843007e-01
3.364869008349427926e+00,-1.829673346271523116e-01
3.371158483131389438e+00,-1.801084501020779882e-01
3.377447957913350951e+00,-1.772495667750861870e-01
3.383737432695312464e+00,-1.743906846018088430e-01
3.390026907477273976e+00,-1.715318035395201335e-01
3.396316382259235489e+00,-1.686729235470765254e-01
3.402605857041197002e+00,-1.658140445848585998e-01
3.408895331823158514e+00,-1.629551666147137645e-01
3.415184806605120027e+00,-1.600962895999025193e-01
3.421474281387081540e+00,-1.572374135050456090e-01
3.427763756169043496e+00,-1.543785382960742858e-01
3.434053230951005009e+00,-1.515196639401814593e-01
3.440342705732966522e+00,-1.486607904057750673e-01
3.446632180514928034e+00,-1.458019176624327784e-01
3.452921655296889547e+00,-1.429430456808584715e-01
3.459211130078851060e+00,-1.400841744328418237e-01
3.465500604860812572e+00,-1.372253038912165657e-01
3.471790079642774085e+00,-1.343664340298227344e-01
3.478079554424735598e+00,-1.315075648234693695e-01
3.484369029206697110e+00,-1.286486962478980978e-01
3.490658503988658623e+00,-1.257898282797484946e-01
3.496947978770620136e+00,-1.229309608965261091e-01
3.503237453552582092e+00,-1.200720940765691580e-01
3.509526928334543605e+00,-1.172132277990178828e-01
3.515816403116505118e+00,-1.143543620437847963e-01
3.522105877898466630e+00,-1.114954967915271489e-01
3.528395352680428143e+00,-1.086366320236180627e-01
3.534684827462389656e+00,-1.057777677221203305e-01
3.540974302244351168e+00,-1.029189038697611025e-01
3.547263777026312681e+00,-1.000600404499074614e-01
3.553553251808274194e+00,-9.720117744654199754e-02
3.559842726590235706e+00,-9.434231484424060454e-02
3.566132201372197219e+00,-9.148345262815071877e-02
3.572421676154158732e+00,-8.862459078396955903e-02
3.578711150936120244e+00,-8.576572929792369848e-02
3.585000625718082201e+00,-8.290686815675041288e-02
3.591290100500043714e+00,-8.004800734767814063e-02
3.597579575282005226e+00,-7.718914685840783108e-02
3.603869050063966739e+00,-7.433028667709606907e-02
3.610158524845928252e+00,-7.147142679233775553e-02
3.616447999627889764e+00,-6.861256719315100838e-02
3.622737474409851277e+00,-6.575370786895984310e-02
3.629026949191812790e+00,-6.289484880957996182e-02
3.635316423973774302e+00,-6.003599000520498663e-02
3.641605898755735815e+00,-5.717713144639091638e-02
3.647895373537697328e+00,-5.431827312404369223e-02
3.654184848319658840e+00,-5.145941502940587498e-02
3.660474323101620353e+00,-4.860055715404509868e-02
3.666763797883582310e+00,-4.574169948984030398e-02
3.673053272665543822e+00,-4.288284202897196806e-02
3.679342747447505335e+00,-4.002398476390967019e-02
3.685632222229466848e+00,-3.716512768740187767e-02
3.691921697011428360e+00,-3.430627079246617583e-02
3.698211171793389873e+00,-3.144741407237772179e-02
3.704500646575351386e+00,-2.858855752066169487e-02
3.710790121357312898e+00,-2.572970113108263845e-02
3.717079596139274411e+00,-2.287084489763602235e-02
3.723369070921235924e+00,-2.001198881453936096e-02
3.729658545703197436e+00,-1.715313287622510785e-02
3.735948020485158949e+00,-1.429427707733132991e-02
3.742237495267120462e+00,-1.143542141269460188e-02
3.748526970049082419e+00,-8.576565877342900990e-03
3.754816444831043931e+00,-5.717710466488501453e-03
3.761105919613005444e+00,-2.858855175520869096e-03
3.767395394394966956e+00,0.000000000000000000e+00
3.773684869176928469e+00,2.858855064349352659e-03
3.779974343958889982e+00,5.717710021644339946e-03
3.786263818740851494e+00,8.576564875849790326e-03
3.792553293522813007e+00,1.143541963078353874e-02
3.798842768304774520e+00,1.429427429012175566e-02
3.805132243086736032e+00,1.715312885740472026e-02
3.811421717868697545e+00,2.001198333604126134e-02
3.817711192650659058e+00,2.287083772931453041e-02
3.824000667432621015e+00,2.572969204038599855e-02
3.830290142214582527e+00,2.858854627229989731e-02
3.836579616996544040e+00,3.144740042798721547e-02
3.842869091778505553e+00,3.430625451027147221e-02
3.849158566560467065e+00,3.716510852187093761e-02
3.855448041342428578e+00,4.002396246540307345e-02
3.861737516124390091e+00,4.288281634338897419e-02
3.868026990906351603e+00,4.574167015825603144e-02
3.874316465688313116e+00,4.860052391234148672e-02
3.880605940470274628e+00,5.145937760789642823e-02
3.886895415252236141e+00,5.431823124708845540e-02
3.893184890034197654e+00,5.717708483200478753e-02
3.899474364816159166e+00,6.003593836465581646e-02
3.905763839598121123e+00,6.289479184697688297e-02
3.912053314380082636e+00,6.575364528083182947e-02
3.918342789162044149e+00,6.861249866801566455e-02
3.924632263944005661e+00,7.147135201025678342e-02
3.930921738725967174e+00,7.433020530921963243e-02
3.937211213507928687e+00,7.718905856650648545e-02
3.943500688289890199e+00,8.004791178366144067e-02
3.949790163071851712e+00,8.290676496217042057e-02
3.956079637853813225e+00,8.576561810346472470e-02
3.962369112635774737e+00,8.862447120892236185e-02
3.968658587417736250e+00,9.148332427987027060e-02
3.974948062199697763e+00,9.434217731758698378e-02
3.981237536981659275e+00,9.720103032330307258e-02
3.987527011763621232e+00,1.000598832982033670e-01
3.993816486545582745e+00,1.029187362434291764e-01
4.000105961327544257e+00,1.057775891600796214e-01
4.006395436109505326e+00,1.086364420492129668e-01
4.012684910891467283e+00,1.114952949118479530e-01
4.018974385673428351e+00,1.143541477489664615e-01
4.025263860455390308e+00,1.172130005615130699e-01
4.031553335237352265e+00,1.200718533503977170e-01
4.037842810019313333e+00,1.229307061164970349e-01
4.044132284801275290e+00,1.257895588606543491e-01
4.050421759583236359e+00,1.286484115836827868e-01
4.056711234365198315e+00,1.315072642863643892e-01
4.063000709147159384e+00,1.343661169694527757e-01
4.069290183929121341e+00,1.372249696336735880e-01
4.075579658711082409e+00,1.400838222797258226e-01
4.081869133493044366e+00,1.429426749082818304e-01
4.088158608275005435e+00,1.458015275199899818e-01
4.094448083056967391e+00,1.486603801154742222e-01
4.100737557838928460e+00,1.515192326953349600e-01
4.107027032620890417e+00,1.543780852601512876e-01
4.113316507402852373e+00,1.572369378104800930e-01
4.119605982184813442e+00,1.600957903468578358e-01
4.125895456966775399e+00,1.629546428698014360e-01
4.132184931748736467e+00,1.658134953798082734e-01
4.138474406530698424e+00,1.686723478773575202e-01
4.144763881312659493e+00,1.715312003629101412e-01
4.151053356094621449e+00,1.743900528369106695e-01
4.157342830876582518e+00,1.772489052997872072e-01
4.163632305658544475e+00,1.801077577519514250e-01
4.169921780440505543e+00,1.829666101937998945e-01
4.176211255222467500e+00,1.858254626257149766e-01
4.182500730004428569e+00,1.886843150480643772e-01
4.188790204786390525e+00,1.915431674612024793e-01
4.195079679568352482e+00,1.944020198654703435e-01
4.201369154350313551e+00,1.972608722611961518e-01
4.207658629132275507e+00,2.001197246486965398e-01
4.213948103914236576e+00,2.029785770282761526e-01
4.220237578696198533e+00,2.058374294002285332e-01
4.226527053478159601e+00,2.086962817648356783e-01
4.232816528260121558e+00,2.115551341223698145e-01
4.239106003042082627e+00,2.144139864730929546e-01
4.245395477824044583e+00,2.172728388172573410e-01
4.251684952606005652e+00,2.201316911551058908e-01
4.257974427387967609e+00,2.229905434868721947e-01
4.264263902169928677e+00,2.258493958127818502e-01
4.270553376951890634e+00,2.287082481330515726e-01
4.276842851733852591e+00,2.315671004478900841e-01
4.283132326515813659e+00,2.344259527574990010e-01
4.289421801297775616e+00,2.372848050620715021e-01
4.295711276079736685e+00,2.401436573617945491e-01
4.302000750861698641e+00,2.430025096568475540e-01
4.308290225643659710e+00,2.458613619474032674e-01
4.314579700425621667e+00,2.487202142336282229e-01
4.320869175207582735e+00,2.515790665156831807e-01
4.327158649989544692e+00,2.544379187937222397e-01
4.333448124771505761e+00,2.572967710678941700e-01
4.339737599553467717e+00,2.601556233383424122e-01
4.346027074335428786e+00,2.630144756052046340e-01
4.352316549117390743e+00,2.658733278686136181e-01
4.358606023899352699e+00,2.687321801286972622e-01
4.364895498681313768e+00,2.715910323855790232e-01
4.371184973463275725e+00,2.744498846393770286e-01
4.377474448245236793e+00,2.773087368902058536e-01
4.383763923027198750e+00,2.801675891381751882e-01
4.390053397809159819e+00,2.830264413833911696e-01
4.396342872591121775e+00,2.858852936259554944e-01
4.402632347373082844e+00,2.887441458659667504e-01
4.408921822155044801e+00,2.916029981035190843e-01
4.415211296937005869e+00,2.944618503387039787e-01
4.421500771718967826e+00,2.973207025716084750e-01
4.427790246500929783e+00,3.001795548023173943e-01
4.434079721282890851e+00,3.030384070309124489e-01
4.440369196064852808e+00,3.058972592574713545e-01
4.446658670846813877e+00,3.087561114820696062e-01
4.452948145628775833e+00,3.116149637047800347e-01
4.459237620410736902e+00,3.144738159256723620e-01
4.465527095192698859e+00,3.173326681448140896e-01
4.471816569974659927e+00,3.201915203622700545e-01
4.478106044756621884e+00,3.230503725781024293e-01
4.484395519538582953e+00,3.259092247923716101e-01
4.490684994320544909e+00,3.287680770051353285e-01
4.496974469102505978e+00,3.316269292164490956e-01
4.503263943884467935e+00,3.344857814263670903e-01
4.509553418666429891e+00,3.373446336349408270e-01
4.515842893448390960e+00,3.402034858422200436e-01
4.522132368230352917e+00,3.430623380482527018e-01
4.528421843012313985e+00,3.459211902530849869e-01
4.534711317794275942e+00,3.487800424567613078e-01
4.541000792576237011e+00,3.516388946593242970e-01
4.547290267358198967e+00,3.544977468608152549e-01
4.553579742140160036e+00,3.573565990612741494e-01
4.559869216922121993e+00,3.602154512607391723e-01
4.566158691704083061e+00,3.630743034592471830e-01
4.572448166486045018e+00,3.659331556568332644e-01
4.578737641268006087e+00,3.687920078535316115e-01
4.585027116049968043e+00,3.716508600493755310e-01
4.591316590831930000e+00,3.745097122443961091e-01
4.597606065613891069e+00,3.773685644386239879e-01
4.603895540395853025e+00,3.802274166320889215e-01
4.610185015177814094e+00,3.830862688248188874e-01
4.616474489959776051e+00,3.859451210168409752e-01
4.622763964741737119e+00,3.888039732081813860e-01
4.629053439523699076e+00,3.916628253988658770e-01
4.635342914305660145e+00,3.945216775889179850e-01
4.641632389087622101e+00,3.973805297783616908e-01
4.647921863869583170e+00,4.002393819672191988e-01
4.654211338651545127e+00,4.030982341555127135e-01
4.660500813433506195e+00,4.059570863432626631e-01
4.666790288215468152e+00,4.088159385304890314e-01
4.673079762997430109e+00,4.116747907172118026e-01
4.679369237779391177e+00,4.145336429034491843e-01
4.685658712561353134e+00,4.173924950892193841e-01
4.691948187343314203e+00,4.202513472745392775e-01
4.698237662125276159e+00,4.231101994594257398e-01
4.704527136907237228e+00,4.259690516438952024e-01
4.710816611689199185e+00,4.288279038279627642e-01
4.717106086471160253e+00,4.316867560116435243e-01
4.723395561253122210e+00,4.345456081949516935e-01
4.729685036035083279e+00,4.374044603779010387e-01
4.735974510817045235e+00,4.402633125605048825e-01
4.742263985599006304e+00,4.431221647427756594e-01
4.748553460380968261e+00,4.459810169247262479e-01
4.754842935162930218e+00,4.488398691063681945e-01
4.761132409944891286e+00,4.516987212877130453e-01
4.767421884726853243e+00,4.545575734687719027e-01
4.773711359508814311e+00,4.574164256495549807e-01
4.780000834290776268e+00,4.602752778300729375e-01
4.786290309072737337e+00,4.631341300103350989e-01
4.792579783854699293e+00,4.659929821903512348e-01
4.798869258636660362e+00,4.688518343701306712e-01
4.805158733418622319e+00,4.717106865496818457e-01
4.811448208200583387e+00,4.745695387290131961e-01
4.817737682982545344e+00,4.774283909081331601e-01
4.824027157764506413e+00,4.802872430870492870e-01
4.830316632546468369e+00,4.831460952657695707e-01
4.836606107328430326e+00,4.860049474443006723e-01
4.842895582110391395e+00,4.888637996226496973e-01
4.849185056892353352e+00,4.917226518008237512e-01
4.855474531674314420e+00,4.945815039788290512e-01
4.861764006456276377e+00,4.974403561566718146e-01
4.868053481238237445e+00,5.002992083343582586e-01
4.874342956020199402e+00,5.031580605118941563e-01
4.880632430802160471e+00,5.060169126892848368e-01
4.886921905584122428e+00,5.088757648665360733e-01
4.893211380366083496e+00,5.117346170436527508e-01
4.899500855148045453e+00,5.145934692206397543e-01
4.905790329930006521e+00,5.174523213975019686e-01
4.912079804711968478e+00,5.203111735742442789e-01
4.918369279493930435e+00,5.231700257508706819e-01
4.924658754275891503e+00,5.260288779273856186e-01
4.930948229057853460e+00,5.288877301037935297e-01
4.937237703839814529e+00,5.317465822800979680e-01
4.943527178621776486e+00,5.346054344563029304e-01
4.949816653403737554e+00,5.374642866324124135e-01
4.956106128185699511e+00,5.403231388084295261e-01
4.962395602967660579e+00,5.431819909843578209e-01
4.968685077749622536e+00,5.460408431602004065e-01
4.974974552531583605e+00,5.488996953359608355e-01
4.981264027313545562e+00,5.517585475116417726e-01
4.987553502095506630e+00,5.546173996872463263e-01
4.993842976877468587e+00,5.574762518627776053e-01
5.000132451659430544e+00,5.603351040382378301e-01
5.006421926441391612e+00,5.631939562136301092e-01
5.012711401223353569e+00,5.660528083889566631e-01
5.019000876005314637e+00,5.689116605642201563e-01
5.025290350787276594e+00,5.717705127394223652e-01
5.031579825569237663e+00,5.746293649145659543e-01
5.037869300351199620e+00,5.774882170896531441e-01
5.044158775133160688e+00,5.803470692646861551e-01
5.050448249915122645e+00,5.832059214396667635e-01
5.056737724697083713e+00,5.860647736145967457e-01
5.063027199479045670e+00,5.889236257894783222e-01
5.069316674261006739e+00,5.917824779643132693e-01
5.075606149042968696e+00,5.946413301391029194e-01
5.081895623824930652e+00,5.975001823138494927e-01
5.088185098606891721e+00,6.003590344885543217e-01
5.094474573388853678e+00,6.032178866632187386e-01
5.100764048170814746e+00,6.060767388378445197e-01
5.107053522952776703e+00,6.089355910124329974e-01
5.113342997734737772e+00,6.117944431869855038e-01
5.119632472516699728e+00,6.146532953615033712e-01
5.125921947298660797e+00,6.175121475359879319e-01
5.132211422080622754e+00,6.203709997104405183e-01
5.138500896862583822e+00,6.232298518848620184e-01
5.144790371644545779e+00,6.260887040592542085e-01
5.151079846426506847e+00,6.289475562336175329e-01
5.157369321208468804e+00,6.318064084079533238e-01
5.163658795990430761e+00,6.346652605822624693e-01
5.169948270772391830e+00,6.375241127565463017e-01
5.176237745554353786e+00,6.403829649308052652e-01
5.182527220336314855e+00,6.432418171050406919e-01
5.188816695118276812e+00,6.461006692792530259e-01
5.195106169900237880e+00,6.489595214534435996e-01
5.201395644682199837e+00,6.518183736276128570e-01
5.207685119464160906e+00,6.546772258017616863e-01
5.213974594246122862e+00,6.575360779758909757e-01
5.220264069028083931e+00,6.603949301500016134e-01
5.226553543810045888e+00,6.632537823240940433e-01
5.232843018592006956e+00,6.661126344981687097e-01
5.239132493373968913e+00,6.689714866722265008e-01
5.245421968155930870e+00,6.718303388462678605e-01
5.251711442937891938e+00,6.746891910202936771e-01
5.258000917719853895e+00,6.775480431943043946e-01
5.264290392501814964e+00,6.804068953683009013e-01
5.270579867283776920e+00,6.832657475422831972e-01
5.276869342065737989e+00,6.861245997162521704e-01
5.283158816847699946e+00,6.889834518902082650e-01
5.289448291629661014e+00,6.918423040641514810e-01
5.295737766411622971e+00,6.947011562380827066e-01
5.302027241193584040e+00,6.975600084120023858e-01
5.308316715975545996e+00,7.004188605859109629e-01
5.314606190757507953e+00,7.032777127598088818e-01
5.320895665539469022e+00,7.061365649336965866e-01
5.327185140321430978e+00,7.089954171075740774e-01
5.333474615103392047e+00,7.118542692814422423e-01
5.339764089885354004e+00,7.147131214553010814e-01
5.346053564667315072e+00,7.175719736291510387e-01
5.352343039449277029e+00,7.204308258029925582e-01
5.358632514231238098e+00,7.232896779768256401e-01
5.364921989013200054e+00,7.261485301506507284e-01
5.371211463795161123e+00,7.290073823244682671e-01
5.377500938577123080e+00,7.318662344982787005e-01
5.383790413359084148e+00,7.347250866720820284e-01
5.390079888141046105e+00,7.375839388458782508e-01
5.396369362923008062e+00,7.404427910196678120e-01
5.402658837704969130e+00,7.433016431934511559e-01
5.408948312486931087e+00,7.461604953672282825e-01
5.415237787268892156e+00,7.490193475409996360e-01
5.421527262050854112e+00,7.518781997147656604e-01
5.427816736832815181e+00,7.547370518885259116e-01
5.434106211614777138e+00,7.575959040622808338e-01
5.440395686396738206e+00,7.604547562360308710e-01
5.446685161178700163e+00,7.633136084097760232e-01
5.452974635960661232e+00,7.661724605835167345e-01
5.459264110742623188e+00,7.690313127572525609e-01
5.465553585524584257e+00,7.718901649309843904e-01
5.471843060306546214e+00,7.747490171047117791e-01
5.478132535088508170e+00,7.776078692784351709e-01
5.484422009870469239e+00,7.804667214521550100e-01
5.490711484652431196e+00,7.833255736258708524e-01
5.497000959434392264e+00,7.861844257995831420e-01
5.503290434216354221e+00,7.890432779732918789e-01
5.509579908998315290e+00,7.919021301469975072e-01
5.515869383780277246e+00,7.947609823207000268e-01
5.522158858562238315e+00,7.976198344943994378e-01
5.528448333344200272e+00,8.004786866680957402e-01
5.534737808126161340e+00,8.033375388417889340e-01
5.541027282908123297e+00,8.061963910154794632e-01
5.547316757690084366e+00,8.090552431891673280e-01
5.553606232472046322e+00,8.119140953628525281e-01
5.559895707254008279e+00,8.147729475365355079e-01
5.566185182035969348e+00,8.176317997102162671e-01
5.572474656817931304e+00,8.204906518838943619e-01
5.578764131599892373e+00,8.233495040575702362e-01
5.585053606381854330e+00,8.262083562312443341e-01
5.591343081163815398e+00,8.290672084049162116e-01
5.597632555945777355e+00,8.319260605785863127e-01
5.603922030727738424e+00,8.347849127522541934e-01
5.610211505509700380e+00,8.376437649259202978e-01
5.616500980291661449e+00,8.405026170995846257e-01
5.622790455073623406e+00,8.433614692732476215e-01
5.629079929855584474e+00,8.462203214469088408e-01
5.635369404637546431e+00,8.490791736205682838e-01
5.641658879419508388e+00,8.519380257942263945e-01
5.647948354201469456e+00,8.547968779678831730e-01
5.654237828983431413e+00,8.576557301415386192e-01
5.660527303765392482e+00,8.605145823151927331e-01
5.666816778547354438e+00,8.633734344888455148e-01
5.673106253329315507e+00,8.662322866624969642e-01
5.679395728111277464e+00,8.690911388361470813e-01
5.685685202893238532e+00,8.719499910097958661e-01
5.691974677675200489e+00,8.748088431834437628e-01
5.698264152457161558e+00,8.776676953570907713e-01
5.704553627239123514e+00,8.805265475307364476e-01
5.710843102021084583e+00,8.833853997043812356e-01
5.717132576803046540e+00,8.862442518780251355e-01
5.723422051585008496e+00,8.891031040516681472e-01
5.729711526366969565e+00,8.919619562253102707e-01
5.736001001148931522e+00,8.948208083989515060e-01
5.742290475930892590e+00,8.976796605725918532e-01
5.748579950712854547e+00,9.005385127462313122e-01
5.754869425494815616e+00,9.033973649198698830e-01
5.761158900276777572e+00,9.062562170935080097e-01
5.767448375058738641e+00,9.091150692671452482e-01
5.773737849840700598e+00,9.119739214407820427e-01
5.780027324622661666e+00,9.148327736144179489e-01
5.786316799404623623e+00,9.176916257880534111e-01
5.792606274186584692e+00,9.205504779616879851e-01
5.798895748968546648e+00,9.234093301353221150e-01
5.805185223750508605e+00,9.262681823089558009e-01
5.811474698532469674e+00,9.291270344825890426e-01
5.817764173314431631e+00,9.319858866562213962e-01
5.824053648096392699e+00,9.348447388298533056e-01
5.830343122878354656e+00,9.377035910034847710e-01
5.836632597660315724e+00,9.405624431771157923e-01
5.842922072442277681e+00,9.434212953507463695e-01
5.849211547224238750e+00,9.462801475243765026e-01
5.855501022006200706e+00,9.491389996980061916e-01
5.861790496788161775e+00,9.519978518716354365e-01
5.868079971570123732e+00,9.548567040452642374e-01
5.874369446352084800e+00,9.577155562188930382e-01
5.880658921134046757e+00,9.605744083925213950e-01
5.886948395916008714e+00,9.634332605661493076e-01
5.893237870697969782e+00,9.662921127397767762e-01
5.899527345479931739e+00,9.691509649134038007e-01
5.905816820261892808e+00,9.720098170870308252e-01
5.912106295043854765e+00,9.748686692606574056e-01
5.918395769825815833e+00,9.777275214342835419e-01
5.924685244607777790e+00,9.805863736079096782e-01
5.930974719389738858e+00,9.834452257815353704e-01
5.937264194171700815e+00,9.863040779551610626e-01
5.943553668953661884e+00,9.891629301287863107e-01
5.949843143735623840e+00,9.920217823024115589e-01
5.956132618517584909e+00,9.948806344760363629e-01
5.962422093299546866e+00,9.977394866496611670e-01
5.968711568081508823e+00,1.000598338823285527e+00
5.975001042863469891e+00,1.003457190996909887e+00
5.981290517645431848e+00,1.006316043170533803e+00
5.987579992427392916e+00,1.009174895344157719e+00
5.993869467209354873e+00,1.012033747517781190e+00
6.000158941991315942e+00,1.014892599691404662e+00
6.006448416773277899e+00,1.017751451865028134e+00
6.012737891555238967e+00,1.020610304038651162e+00
6.019027366337200924e+00,1.023469156212274189e+00
6.025316841119161992e+00,1.026328008385897217e+00
6.031606315901123949e+00,1.029186860559519801e+00
6.037895790683085906e+00,1.032045712733142384e+00
6.044185265465046974e+00,1.034904564906764968e+00
6.050474740247008931e+00,1.037763417080387107e+00
6.056764215028970000e+00,1.040622269254009247e+00
6.063053689810931957e+00,1.043481121427631386e+00
6.069343164592893025e+00,1.046339973601253082e+00
6.075632639374854982e+00,1.049198825774874777e+00
6.081922114156816050e+00,1.052057677948496472e+00
6.088211588938778007e+00,1.054916530122118168e+00
6.094501063720739076e+00,1.057775382295739863e+00
6.100790538502701033e+00,1.060634234469361115e+00
6.107080013284662101e+00,1.063493086642982366e+00
6.113369488066624058e+00,1.066351938816603617e+00
6.119658962848586015e+00,1.069210790990224869e+00
6.125948437630547083e+00,1.072069643163846120e+00
6.132237912412509040e+00,1.074928495337466927e+00
6.138527387194470109e+00,1.077787347511087734e+00
6.144816861976432065e+00,1.080646199684708542e+00
6.151106336758393134e+00,1.083505051858329349e+00
6.157395811540355091e+00,1.086363904031950156e+00
6.163685286322316159e+00,1.089222756205570963e+00
6.169974761104278116e+00,1.092081608379191326e+00
6.176264235886239184e+00,1.094940460552811690e+00
6.182553710668201141e+00,1.097799312726432053e+00
6.188843185450162210e+00,1.100658164900052416e+00
6.195132660232124167e+00,1.103517017073672779e+00
6.201422135014086123e+00,1.106375869247293142e+00
6.207711609796047192e+00,1.109234721420913505e+00
6.214001084578009149e+00,1.112093573594533868e+00
6.220290559359970217e+00,1.114952425768153788e+00
6.226580034141932174e+00,1.117811277941773707e+00
6.232869508923893243e+00,1.120670130115393626e+00
6.239158983705855199e+00,1.123528982289013545e+00
6.245448458487816268e+00,1.126387834462633464e+00
6.251737933269778225e+00,1.129246686636253383e+00
6.258027408051739293e+00,1.132105538809873302e+00
6.264316882833701250e+00,1.134964390983493221e+00
6.270606357615662318e+00,1.137823243157113140e+00
6.276895832397624275e+00,1.140682095330733059e+00
6.283185307179586232e+00,1.143540947504352978e+00
